Time,Name
19:27:36,Logan
19:27:36,Logan
19:27:36,Logan
19:27:36,Logan
19:27:36,Logan
19:27:36,Logan
19:27:36,Logan
19:27:36,Logan
19:27:37,Logan
19:27:37,Unknown
19:27:37,Unknown
19:27:37,Unknown
19:27:37,Unknown
19:27:37,Unknown
19:27:37,Unknown
19:27:37,Unknown
19:27:37,Unknown
19:27:37,Unknown
19:27:37,Unknown
19:27:37,Unknown
19:27:37,Unknown
19:27:37,Unknown
19:27:37,Unknown
19:27:37,Logan
19:27:38,Logan
19:27:38,Logan
19:27:38,Logan
19:27:38,Logan
19:27:38,Logan
19:27:38,Logan
19:27:38,Logan
19:27:38,Logan
19:27:38,Logan
19:27:38,Logan
19:27:38,Logan
19:27:38,Logan
19:27:38,Logan
19:27:38,Logan
19:27:38,Logan
19:27:38,Logan
19:27:39,Logan
19:27:39,Logan
19:27:39,Logan
19:27:39,Logan
19:27:39,Logan
19:27:39,Logan
19:27:39,Logan
19:27:39,Logan
19:27:39,Logan
19:27:39,Logan
19:27:39,Logan
19:27:39,Logan
19:27:39,Logan
19:27:39,Logan
19:27:39,Logan
19:27:39,Unknown
19:27:40,Unknown
19:27:40,Logan
19:27:40,Logan
19:27:40,Logan
19:27:40,Logan
19:27:40,Logan
19:27:40,Logan
19:27:40,Logan
19:27:40,Logan
19:27:40,Logan
19:27:40,Logan
19:27:40,Logan
19:27:40,Logan
19:27:40,Logan
19:27:40,Logan
19:27:40,Logan
19:27:41,Logan
19:27:41,Logan
19:27:41,Logan
19:27:41,Logan
19:27:41,Logan
19:27:41,Logan
19:27:41,Logan
19:27:41,Logan
19:27:41,Logan
19:27:41,Logan
19:27:41,Logan
19:27:41,Logan
19:27:41,Logan
19:27:41,Logan
19:27:41,Logan
19:27:41,Logan
19:27:42,Logan
19:27:42,Logan
19:27:42,Logan
19:27:42,Logan
19:27:42,Logan
19:27:42,Logan
19:27:42,Logan
19:27:42,Logan
19:27:42,Logan
19:27:42,Logan
19:27:42,Logan
19:27:42,Logan
19:27:42,Logan
19:27:42,Logan
19:27:42,Logan
19:27:43,Logan
19:27:43,Logan
19:27:43,Logan
19:27:43,Logan
19:27:43,Logan
19:27:43,Logan
19:27:43,Logan
19:27:43,Logan
19:27:43,Logan
19:27:43,Logan
19:27:43,Logan
19:27:43,Logan
19:27:43,Logan
19:27:43,Logan
19:27:43,Logan
19:27:43,Logan
19:27:44,Logan
19:27:44,Logan
19:27:44,Logan
19:27:44,Logan
19:27:44,Logan
19:27:44,Logan
19:27:44,Logan
19:27:44,Logan
19:27:44,Logan
19:27:44,Logan
19:27:44,Logan
19:27:44,Logan
19:27:44,Logan
19:27:44,Logan
19:27:44,Logan
19:27:45,Logan
19:27:45,Logan
19:27:45,Logan
19:27:45,Logan
19:27:45,Logan
19:27:45,Logan
19:27:45,Logan
19:27:45,Logan
19:27:45,Logan
19:27:45,Logan
19:27:45,Logan
19:27:45,Logan
19:27:45,Logan
19:27:45,Logan
19:27:45,Logan
19:27:45,Logan
19:27:46,Logan
19:27:46,Logan
19:27:46,Logan
19:27:46,Logan
19:27:46,Logan
19:27:46,Logan
19:27:46,Logan
19:27:46,Logan
19:27:46,Logan
19:27:46,Logan
19:27:46,Logan
19:27:46,Logan
19:27:46,Logan
19:27:46,Logan
19:27:46,Logan
19:27:47,Logan
19:27:47,Logan
19:27:47,Logan
19:27:47,Logan
19:27:47,Logan
19:27:47,Logan
19:27:47,Logan
19:27:47,Logan
19:27:47,Logan
19:27:47,Logan
19:27:47,Logan
19:27:47,Logan
19:27:47,Logan
19:27:47,Logan
19:27:47,Logan
19:27:47,Logan
19:27:47,Logan
19:27:48,Logan
19:27:48,Logan
19:27:48,Logan
19:27:48,Logan
19:27:48,Logan
19:27:48,Logan
19:27:48,Logan
19:27:48,Logan
19:27:48,Logan
19:27:48,Logan
19:27:48,Logan
19:27:48,Logan
19:27:48,Logan
19:27:48,Logan
19:27:48,Logan
19:27:48,Logan
19:27:49,Logan
19:27:49,Logan
19:27:49,Logan
19:27:49,Logan
19:27:49,Logan
19:27:49,Logan
19:27:49,Logan
19:27:49,Logan
19:27:49,Logan
19:27:49,Logan
19:27:49,Logan
19:27:49,Logan
19:27:49,Logan
19:27:49,Logan
19:27:49,Logan
19:27:50,Logan
19:27:50,Logan
19:27:50,Logan
19:27:50,Logan
19:27:50,Logan
19:27:50,Logan
19:27:50,Logan
19:27:50,Logan
19:27:50,Logan
19:27:50,Logan
19:27:50,Logan
19:27:50,Logan
19:27:50,Logan
19:27:50,Logan
19:27:50,Logan
19:27:50,Logan
19:27:50,Logan
19:27:51,Logan
19:27:51,Logan
19:27:51,Logan
19:27:51,Logan
19:27:51,Logan
19:27:51,Logan
19:27:51,Logan
19:27:51,Logan
19:27:51,Logan
19:27:51,Logan
19:27:51,Logan
19:27:51,Logan
19:27:51,Logan
19:27:51,Logan
19:27:51,Logan
19:27:51,Logan
19:27:51,Logan
19:27:52,Logan
19:27:52,Logan
19:27:52,Logan
19:27:52,Logan
19:27:52,Logan
19:27:52,Logan
19:27:52,Logan
19:27:52,Logan
19:27:52,Logan
19:27:52,Logan
19:27:52,Logan
19:27:52,Logan
19:27:52,Logan
19:27:52,Logan
19:27:52,Logan
19:27:52,Logan
19:27:52,Logan
19:27:52,Logan
19:27:52,Logan
19:27:52,Logan
19:27:53,Logan
19:27:53,Logan
19:27:53,Logan
19:27:53,Logan
19:27:53,Logan
19:27:53,Logan
19:27:53,Logan
19:27:53,Logan
19:27:53,Logan
19:27:53,Logan
19:27:53,Logan
19:27:53,Logan
19:27:53,Logan
19:27:53,Logan
19:27:53,Logan
19:27:53,Logan
19:27:53,Logan
19:27:53,Logan
19:27:54,Logan
19:27:54,Logan
19:27:54,Logan
19:27:54,Logan
19:27:54,Logan
19:27:54,Logan
19:27:54,Logan
19:27:54,Logan
19:27:54,Logan
19:27:54,Logan
19:27:54,Logan
19:27:54,Logan
19:27:54,Logan
19:27:54,Logan
19:27:54,Logan
19:27:54,Logan
19:27:55,Logan
19:27:55,Logan
19:27:55,Logan
19:27:55,Logan
19:27:55,Logan
19:27:55,Logan
19:27:55,Logan
19:27:55,Logan
19:27:55,Logan
19:27:55,Logan
19:27:55,Logan
19:27:55,Logan
19:27:55,Logan
19:27:55,Logan
19:27:55,Logan
19:27:55,Logan
19:27:55,Logan
19:27:55,Logan
19:27:56,Logan
19:27:56,Logan
19:27:56,Logan
19:27:56,Logan
19:27:56,Logan
19:27:56,Logan
19:27:56,Logan
19:27:56,Logan
19:27:56,Logan
19:27:56,Logan
19:27:56,Logan
19:27:56,Logan
19:27:56,Logan
19:27:56,Logan
19:27:56,Logan
19:27:56,Logan
19:27:57,Logan
19:27:57,Logan
19:27:57,Logan
19:27:57,Logan
19:27:57,Logan
19:27:57,Logan
19:27:57,Logan
19:27:57,Logan
19:27:57,Logan
19:27:57,Logan
19:27:57,Logan
19:27:57,Logan
19:27:57,Logan
19:27:57,Logan
19:27:57,Logan
19:27:57,Logan
19:27:57,Logan
19:27:58,Logan
19:27:58,Logan
19:27:58,Logan
19:27:58,Logan
19:27:58,Logan
19:27:58,Logan
19:27:58,Logan
19:27:58,Logan
19:27:58,Logan
19:27:58,Logan
19:27:58,Logan
19:27:58,Logan
19:27:58,Logan
19:27:58,Logan
19:27:58,Logan
19:27:58,Logan
19:27:58,Logan
19:27:58,Logan
19:27:58,Logan
19:27:59,Logan
19:27:59,Logan
19:27:59,Logan
19:27:59,Logan
19:27:59,Logan
19:27:59,Logan
19:27:59,Logan
19:27:59,Logan
19:27:59,Logan
19:27:59,Logan
19:27:59,Logan
19:27:59,Logan
19:27:59,Logan
19:27:59,Logan
19:27:59,Logan
19:27:59,Logan
19:27:59,Logan
19:28:00,Logan
19:28:00,Logan
19:28:00,Logan
19:28:00,Logan
19:28:00,Logan
19:28:00,Logan
19:28:00,Logan
19:28:00,Logan
19:28:00,Logan
19:28:00,Logan
19:28:00,Logan
19:28:00,Logan
19:28:00,Logan
19:28:00,Logan
19:28:00,Logan
19:28:00,Logan
19:28:00,Logan
19:28:00,Logan
19:28:00,Logan
19:28:01,Logan
19:28:01,Logan
19:28:01,Logan
19:28:01,Logan
19:28:01,Logan
19:28:01,Logan
19:28:01,Logan
19:28:01,Logan
19:28:01,Logan
19:28:01,Logan
19:28:01,Logan
19:28:01,Logan
19:28:01,Logan
19:28:01,Logan
19:28:01,Logan
19:28:01,Logan
19:28:01,Logan
19:28:01,Logan
19:28:01,Logan
19:28:02,Logan
19:28:02,Logan
19:28:02,Logan
19:28:02,Logan
19:28:02,Logan
19:28:02,Logan
19:28:02,Logan
19:28:02,Logan
19:28:02,Logan
19:28:02,Logan
19:28:02,Logan
19:28:02,Logan
19:28:02,Logan
19:28:02,Logan
19:28:02,Logan
19:28:02,Logan
19:28:02,Logan
19:28:02,Logan
19:28:02,Logan
19:28:03,Logan
19:28:03,Logan
19:28:03,Logan
19:28:03,Logan
19:28:03,Logan
19:28:03,Logan
19:28:03,Logan
19:28:03,Logan
19:28:03,Logan
19:28:03,Logan
19:28:03,Logan
19:28:03,Logan
19:28:03,Logan
19:28:03,Logan
19:28:03,Logan
19:28:03,Unknown
19:28:04,Unknown
19:28:04,Logan
19:28:04,Logan
19:28:04,Logan
19:28:04,Logan
19:28:04,Logan
19:28:04,Logan
19:28:04,Logan
19:28:04,Logan
19:28:04,Logan
19:28:04,Logan
19:28:04,Logan
19:28:04,Logan
19:28:04,Logan
19:28:04,Logan
19:28:04,Logan
19:28:05,Logan
19:28:05,Logan
19:28:05,Logan
19:28:05,Logan
19:28:05,Logan
19:28:05,Logan
19:28:05,Logan
19:28:05,Logan
19:28:05,Logan
19:28:05,Logan
19:28:05,Logan
19:28:05,Logan
19:28:05,Logan
19:28:05,Logan
19:28:05,Logan
19:28:06,Logan
19:28:06,Logan
19:28:06,Logan
19:28:06,Logan
19:28:06,Logan
19:28:06,Logan
19:28:06,Logan
19:28:06,Logan
19:28:06,Logan
19:28:06,Logan
19:28:06,Unknown
19:28:06,Unknown
19:28:06,Unknown
19:28:06,Unknown
19:28:06,Logan
19:28:06,Logan
19:28:07,Logan
19:28:07,Logan
19:28:07,Logan
19:28:07,Logan
19:28:07,Logan
19:28:07,Logan
19:28:07,Logan
19:28:07,Logan
19:28:07,Logan
19:28:07,Logan
19:28:07,Logan
19:28:07,Logan
19:28:07,Logan
19:28:07,Logan
19:28:07,Logan
19:28:07,Logan
19:28:08,Logan
19:28:08,Logan
19:28:08,Logan
19:28:08,Logan
19:28:08,Logan
19:28:08,Logan
19:28:08,Logan
19:28:08,Logan
19:28:08,Logan
19:28:08,Logan
19:28:08,Logan
19:28:08,Logan
19:28:08,Logan
19:28:08,Logan
19:28:08,Logan
19:28:08,Logan
19:28:09,Logan
19:28:09,Unknown
19:28:09,Unknown
19:28:09,Unknown
19:28:09,Unknown
19:28:09,Unknown
19:28:09,Unknown
19:28:09,Logan
19:28:09,Logan
19:28:09,Logan
19:28:09,Logan
19:28:09,Logan
19:28:09,Logan
19:28:09,Logan
19:28:09,Logan
19:28:09,Logan
19:28:10,Logan
19:28:10,Logan
19:28:10,Logan
19:28:10,Logan
19:28:10,Logan
19:28:10,Logan
19:28:10,Logan
19:28:10,Logan
19:28:10,Logan
19:28:10,Logan
19:28:10,Logan
19:28:10,Logan
19:28:10,Logan
19:28:10,Logan
19:28:10,Logan
19:28:10,Logan
19:28:11,Logan
19:28:11,Logan
19:28:11,Logan
19:28:11,Logan
19:28:11,Logan
19:28:11,Logan
19:28:11,Logan
19:28:11,Logan
19:28:11,Logan
19:28:11,Logan
19:28:11,Logan
19:28:11,Logan
19:28:11,Logan
19:28:11,Logan
19:28:11,Logan
19:28:12,Logan
19:28:12,Logan
19:28:12,Logan
19:28:12,Logan
19:28:12,Logan
19:28:12,Logan
19:28:12,Logan
19:28:12,Logan
19:28:12,Logan
19:28:12,Logan
19:28:12,Logan
19:28:12,Logan
19:28:12,Logan
19:28:12,Logan
19:28:12,Logan
19:28:12,Logan
19:28:13,Logan
19:28:13,Logan
19:28:13,Logan
19:28:13,Logan
19:41:07,Unknown
19:41:07,Unknown
19:41:07,Unknown
19:41:07,Unknown
19:41:07,Unknown
19:41:07,Unknown
19:41:07,Unknown
19:41:07,Unknown
19:41:07,Unknown
19:41:07,Unknown
19:41:07,Unknown
19:41:07,Logan
19:41:07,Logan
19:41:07,Logan
19:41:07,Logan
19:41:08,Logan
19:41:08,Logan
19:41:08,Logan
19:41:08,Logan
19:41:08,Logan
19:41:08,Logan
19:41:08,Logan
19:41:08,Logan
19:41:08,Logan
19:41:08,Logan
19:41:08,Logan
19:41:08,Logan
19:41:09,Logan
19:41:09,Logan
19:41:09,Logan
19:41:09,Logan
19:41:09,Logan
19:41:09,Logan
19:41:09,Logan
19:41:09,Logan
19:41:09,Logan
19:41:09,Logan
19:41:09,Logan
19:41:09,Logan
19:41:09,Logan
19:41:10,Logan
19:41:10,Logan
19:41:10,Logan
19:41:10,Unknown
19:41:10,Logan
19:41:10,Logan
19:41:10,Logan
19:41:10,Logan
19:41:10,Logan
19:41:10,Logan
19:41:10,Logan
19:41:10,Logan
19:41:10,Logan
19:41:11,Logan
19:41:11,Logan
19:41:11,Logan
19:41:11,Logan
19:41:11,Logan
19:41:11,Logan
19:41:11,Logan
19:41:11,Logan
19:41:11,Unknown
19:41:11,Unknown
19:41:11,Unknown
19:41:11,Unknown
19:41:11,Logan
19:41:11,Logan
19:41:11,Logan
19:41:12,Unknown
19:41:12,Unknown
19:41:12,Unknown
19:41:12,Unknown
19:41:12,Unknown
19:41:12,Unknown
19:41:12,Unknown
19:41:12,Unknown
19:41:12,Unknown
19:41:12,Logan
19:41:12,Logan
19:41:12,Logan
19:41:12,Logan
19:41:12,Logan
19:41:12,Logan
19:41:13,Logan
19:41:13,Logan
19:41:13,Logan
19:41:13,Logan
19:41:13,Logan
19:41:13,Logan
19:41:13,Logan
19:41:13,Logan
19:41:13,Logan
19:41:13,Logan
19:41:13,Logan
19:41:13,Logan
19:41:13,Logan
19:41:13,Logan
19:41:14,Logan
19:41:14,Logan
19:41:14,Logan
19:41:14,Logan
19:41:14,Logan
19:41:14,Logan
19:41:14,Logan
19:41:14,Logan
19:41:14,Logan
19:41:14,Logan
19:41:14,Logan
19:41:14,Logan
19:41:14,Logan
19:41:14,Logan
19:41:15,Logan
19:41:15,Logan
19:41:15,Logan
19:41:15,Logan
19:41:15,Logan
19:41:15,Logan
19:41:15,Logan
19:41:15,Logan
19:41:15,Logan
19:41:15,Logan
19:41:15,Logan
19:41:15,Logan
19:41:15,Unknown
19:41:15,Unknown
19:41:15,Unknown
19:41:16,Logan
19:41:16,Logan
19:41:16,Logan
19:41:16,Logan
19:41:16,Logan
19:41:16,Logan
19:41:16,Logan
19:41:16,Logan
19:41:16,Logan
19:41:16,Logan
19:41:16,Logan
19:41:16,Logan
19:41:16,Logan
19:41:16,Logan
19:41:17,Logan
19:41:17,Logan
19:41:17,Logan
19:41:17,Logan
19:41:17,Logan
19:41:17,Logan
19:41:17,Logan
19:41:17,Logan
19:41:17,Logan
19:41:17,Logan
19:41:17,Logan
19:41:17,Logan
19:41:17,Logan
19:41:17,Logan
19:41:18,Logan
19:41:18,Logan
19:41:18,Logan
19:41:18,Logan
19:41:18,Logan
19:41:18,Logan
19:41:18,Logan
19:41:18,Logan
19:41:18,Logan
19:41:18,Logan
19:41:18,Logan
19:41:18,Logan
19:41:18,Logan
19:41:18,Logan
19:41:18,Logan
19:41:19,Logan
19:41:19,Logan
19:41:19,Logan
19:41:19,Logan
19:41:19,Logan
19:41:19,Logan
19:41:19,Logan
19:41:19,Logan
19:41:19,Logan
19:41:19,Logan
19:41:19,Logan
19:41:19,Logan
19:41:19,Logan
19:41:19,Logan
19:41:19,Logan
19:41:20,Logan
19:41:20,Logan
19:41:20,Logan
19:41:20,Logan
19:41:20,Logan
19:41:20,Logan
19:41:20,Logan
19:41:20,Logan
19:41:20,Logan
19:41:20,Logan
19:41:20,Logan
19:41:20,Logan
19:41:20,Logan
19:41:20,Logan
19:41:20,Logan
19:41:21,Logan
19:41:21,Logan
19:41:21,Logan
19:41:21,Logan
19:41:21,Logan
19:41:21,Logan
19:41:21,Logan
19:41:21,Logan
19:41:21,Logan
19:41:21,Logan
19:41:21,Logan
19:41:21,Logan
19:41:21,Logan
19:41:21,Logan
19:41:21,Logan
19:41:21,Logan
19:41:22,Logan
19:41:22,Logan
19:41:22,Logan
19:41:22,Logan
19:41:22,Logan
19:41:22,Logan
19:41:22,Logan
19:41:22,Logan
19:41:22,Logan
19:41:22,Logan
19:41:22,Logan
19:41:22,Logan
19:41:22,Logan
19:41:23,Logan
19:41:23,Logan
19:41:23,Logan
19:41:23,Logan
19:41:23,Logan
19:41:23,Logan
19:41:23,Logan
19:41:23,Logan
19:41:23,Logan
19:41:23,Logan
19:41:23,Logan
19:41:23,Logan
19:41:23,Logan
19:41:23,Logan
19:41:23,Logan
19:41:24,Logan
19:41:24,Logan
19:41:24,Logan
19:41:24,Logan
19:41:24,Logan
19:41:24,Logan
19:41:24,Logan
19:41:24,Logan
19:41:24,Logan
19:41:24,Logan
19:41:24,Logan
19:41:24,Logan
19:41:24,Logan
19:41:25,Logan
19:41:25,Logan
19:41:25,Logan
19:41:25,Logan
19:41:25,Logan
19:41:25,Logan
19:41:25,Logan
19:41:25,Logan
19:41:25,Logan
19:41:25,Logan
19:41:25,Logan
19:41:25,Logan
19:41:26,Logan
19:41:26,Logan
19:41:26,Logan
19:41:26,Logan
19:41:26,Logan
19:41:26,Logan
19:41:26,Logan
19:41:26,Logan
19:41:26,Logan
19:41:26,Logan
19:41:26,Logan
19:41:26,Logan
19:41:26,Logan
19:41:27,Logan
19:41:27,Logan
19:41:27,Logan
19:41:27,Logan
19:41:27,Logan
19:41:27,Logan
19:41:27,Logan
19:41:27,Logan
19:41:27,Logan
19:41:27,Logan
19:41:27,Logan
19:41:27,Logan
19:41:27,Logan
19:41:27,Unknown
19:41:27,Unknown
19:41:28,Unknown
19:41:28,Unknown
19:41:28,Unknown
19:41:28,Unknown
